,NameActivity,Sitting,Jogging,Fall,Hopping,Walking
0,['accelerometer_DomandeVideo_1 '],2741,1429,1458,3,262
1,Statistica,46.51281181062277,24.249109112506364,24.741218394705584,0.0509078567792296,4.445952825386051
