,NameActivity,Sitting,Jogging,Fall,Hopping,Walking
0,['accelerometer_Video_1 '],3931,1715,2134,30,230
1,Statistica,48.89303482587064,21.330845771144276,26.54228855721393,0.3731343283582089,2.8606965174129355
