,NameActivity,Sitting,Jogging,Fall,Hopping,Walking
0,['accelerometer_Video_1 '],587,1620,1011,,110
1,Statistica,17.638221153846153,48.67788461538461,30.37860576923077,0.0,3.3052884615384617
