,NameActivity,Sitting,Jogging,Fall,Hopping,Walking
0,['accelerometer_Video_1 '],675,2224,703,65,412
1,Statistica,16.54817357195391,54.52316744300073,17.234616327531256,1.5935278254474137,10.100514832066683
