,NameActivity,Sitting,Jogging,Fall,Hopping,Walking
0,['accelerometer_Video_1 '],278,1028,1044,,
1,Statistica,11.829787234042554,43.744680851063826,44.42553191489362,0.0,0.0
