,NameActivity,Sitting,Jogging,Fall,Hopping,Walking
0, ,35181,1469,4439,1327,3739
1,Statistica,76.22359441013975,3.182753764489221,9.617592893510995,2.8750947892969343,8.100964142563102
