,NameActivity,Sitting,Jogging,Fall,Hopping,Walking
0,['accelerometer_Video_1 '],276,4988,1125,,10
1,Statistica,4.313173933427098,77.94967963744335,17.580872011251756,0.0,0.15627441787779342
