,NameActivity,Sitting,Jogging,Fall,Hopping,Walking
0, ,34431,1233,1873,5268,3350
1,Statistica,74.59863503412414,2.6714332141696455,4.05806521503629,11.413714657133571,7.258151879536346
