,NameActivity,Sitting,Jogging,Fall,Hopping,Walking
0,['accelerometer_Video_1 '],2011,1441,275,94,258
1,Statistica,49.30129933807306,35.3272860995342,6.741848492277519,2.304486393723952,6.325079676391272
