,NameActivity,Sitting,Jogging,Fall,Hopping,Walking
0,['accelerometer_Video_1 '],2893,3280,226,,
1,Statistica,45.21018909204563,51.258009063916234,3.5318018440381307,0.0,0.0
