,NameActivity,Sitting,Jogging,Fall,Hopping,Walking
0,['accelerometer_Video_1 '],6009,228,158,,4
1,Statistica,93.90529770276605,3.5630567276136893,2.4691358024691357,0.0,0.06250976715111736
