,NameActivity,Sitting,Jogging,Fall,Hopping,Walking
0,['accelerometer_Video_1 '],3443,128,174,,334
1,Statistica,84.40794312331454,3.138024025496445,4.265751409659231,0.0,8.188281441529787
