,NameActivity,Sitting,Jogging,Fall,Hopping,Walking
0,['accelerometer_Video_1 '],1762,66,501,21,
1,Statistica,74.97872340425532,2.8085106382978724,21.319148936170212,0.8936170212765958,0.0
