,NameActivity,Sitting,Jogging,Fall,Hopping,Walking
0, ,36805,,50,6067,3233
1,Statistica,79.74217311233886,0.0,0.10833062506770663,13.144838045715524,7.004658216877911
