,NameActivity,Sitting,Jogging,Fall,Hopping,Walking
0, ,528,1045,114,1,45
1,Statistica,30.46739757645701,60.3000577034045,6.578188113098673,0.05770340450086555,2.5966532025389495
