,NameActivity,Sitting,Jogging,Fall,Hopping,Walking
0,['accelerometer_Video_1 '],94,245,121,,95
1,Statistica,16.936936936936934,44.14414414414414,21.8018018018018,0.0,17.117117117117118
