,NameActivity,Sitting,Jogging,Fall,Hopping,Walking
0,['accelerometer_Video_1 '],120,3278,728,,2
1,Statistica,2.9069767441860463,79.40891472868216,17.635658914728683,0.0,0.04844961240310078
