,NameActivity,Sitting,Jogging,Fall,Hopping,Walking
0, ,1847,28959,8226,1813,5359
1,Statistica,3.9974893948575883,62.67639165440222,17.803653363345166,3.923902692407584,11.598562894987447
