,NameActivity,Sitting,Jogging,Fall,Hopping,Walking
0,['accelerometer_Video_1 '],13828,670,385,151,50
1,Statistica,91.67329620790241,4.441792627950146,2.5523733757623974,1.0010607265977194,0.33147706178732433
