,NameActivity,Sitting,Jogging,Fall,Hopping,Walking
0,['accelerometer_Video_1 '],113,5415,2557,3,1
1,Statistica,1.3969588329830636,66.94276177525033,31.610829521572505,0.037087402645568056,0.012362467548522686
