,NameActivity,Sitting,Jogging,Fall,Hopping,Walking
0,['accelerometer_DomandeVideo_1 '],166,5271,424,,81
1,Statistica,2.7936721642544597,88.70750589027263,7.135644564119826,0.0,1.3631773813530799
