,NameActivity,Sitting,Jogging,Fall,Hopping,Walking
0,['accelerometer_Video_1 '],5596,740,1280,363,61
1,Statistica,69.60199004975124,9.203980099502488,15.92039800995025,4.514925373134329,0.7587064676616916
