,NameActivity,Sitting,Jogging,Fall,Hopping,Walking
0,['accelerometer_DomandeVideo_1 '],4798,565,384,74,72
1,Statistica,81.41863227558119,9.587646360088241,6.516205667741389,1.2557271338876634,1.2217885627015102
